policy,episode,seed,episode_reward,score,steps,steps_survived,food_collected,snake_length,steps_since_food,cause_of_death,end_reason,won,terminated,truncated,budget_cut,complete,decisions,mean_latency_ms
Qwen,1,300000,5.890000000000086,10,412,412,1,4,400,,no_food_limit,False,False,True,False,True,412,1307.1058533980286
Qwen,2,300001,9.550000000000008,10,46,46,1,4,34,,wall_time_budget,False,False,False,True,False,47,1307.2212063829709
Random,1,300000,-12.419999999999993,0,243,242,0,3,243,wall,wall,False,True,False,False,True,243,0.0014530864131369595
Random,2,300001,-0.4399999999999995,10,46,45,1,4,8,wall,wall,False,True,False,False,True,46,0.002680434788445659
Random,3,300002,-11.32,0,133,132,0,3,133,wall,wall,False,True,False,False,True,133,0.0014744360341044508
Random,4,300003,-10.5,0,51,50,0,3,51,wall,wall,False,True,False,False,True,51,0.0016529414935183583
Random,5,300004,-10.860000000000001,0,87,86,0,3,87,wall,wall,False,True,False,False,True,87,0.0013586206436250895
Random,6,300005,-10.58,0,59,58,0,3,59,wall,wall,False,True,False,False,True,59,0.0012135593444049769
Random,7,300006,-11.14,0,115,114,0,3,115,wall,wall,False,True,False,False,True,115,0.001454782614018768
Random,8,300007,-10.28,0,29,28,0,3,29,wall,wall,False,True,False,False,True,29,0.0015689657974972166
Random,9,300008,-10.25,0,26,25,0,3,26,wall,wall,False,True,False,False,True,26,0.0015538460922051365
Random,10,300009,-10.33,0,34,33,0,3,34,wall,wall,False,True,False,False,True,34,0.0014911765367073445
Random,11,300010,-1.0599999999999987,10,108,107,1,4,11,wall,wall,False,True,False,False,True,108,0.001147222233326088
Random,12,300011,-10.99,0,100,99,0,3,100,wall,wall,False,True,False,False,True,100,0.0015099999836820643
Random,13,300012,-11.790000000000001,0,180,179,0,3,180,wall,wall,False,True,False,False,True,180,0.0010838888556463644
Random,14,300013,-11.4,0,141,140,0,3,141,wall,wall,False,True,False,False,True,141,0.0010212766705700097
Random,15,300014,-10.71,0,72,71,0,3,72,wall,wall,False,True,False,False,True,72,0.0018958332930196775
Random,16,300015,-0.5099999999999927,10,53,52,1,4,34,wall,wall,False,True,False,False,True,53,0.0011792450987861299
Random,17,300016,-10.870000000000001,0,88,87,0,3,88,wall,wall,False,True,False,False,True,88,0.001007954634505123
Random,18,300017,-11.71,0,172,171,0,3,172,wall,wall,False,True,False,False,True,172,0.0010674417818907302
Random,19,300018,-11.16,0,117,116,0,3,117,wall,wall,False,True,False,False,True,117,0.0017145298793016432
Random,20,300019,-10.27,0,28,27,0,3,28,wall,wall,False,True,False,False,True,28,0.0015607144112956511
Random,21,300020,-10.22,0,23,22,0,3,23,wall,wall,False,True,False,False,True,23,0.0015173911537124734
Random,22,300021,-10.24,0,25,24,0,3,25,wall,wall,False,True,False,False,True,25,0.0025040001492016017
Random,23,300022,-10.81,0,82,81,0,3,82,wall,wall,False,True,False,False,True,82,0.001880487793752719
Random,24,300023,-11.71,0,172,171,0,3,172,wall,wall,False,True,False,False,True,172,0.0022005813788868985
Random,25,300024,-10.530000000000001,0,54,53,0,3,54,wall,wall,False,True,False,False,True,54,0.0018518518387551281
Random,26,300025,-0.5600000000000005,10,58,57,1,4,4,wall,wall,False,True,False,False,True,58,0.002746551719359684
Random,27,300026,-0.44999999999999396,10,47,46,1,4,28,wall,wall,False,True,False,False,True,47,0.0017787233252633124
Random,28,300027,-10.75,0,76,75,0,3,76,wall,wall,False,True,False,False,True,76,0.001644736824489787
Random,29,300028,-1.25,10,127,126,1,4,9,wall,wall,False,True,False,False,True,127,0.0026283465615954014
Random,30,300029,9.099999999999966,20,93,92,2,5,31,self,self,False,True,False,False,True,93,0.0015537632627397656
Random,31,300030,-10.6,0,61,60,0,3,61,wall,wall,False,True,False,False,True,61,0.006555737795157465
Random,32,300031,-11.010000000000002,0,102,101,0,3,102,wall,wall,False,True,False,False,True,102,0.0011303922399426537
Random,33,300032,-10.290000000000001,0,30,29,0,3,30,wall,wall,False,True,False,False,True,30,0.001633333401211227
Random,34,300033,9.619999999999994,20,41,40,2,5,5,self,self,False,True,False,False,True,41,0.0013243903462042486
Random,35,300034,-10.59,0,60,59,0,3,60,wall,wall,False,True,False,False,True,60,0.001358333217164424
Random,36,300035,-10.700000000000001,0,71,70,0,3,71,wall,wall,False,True,False,False,True,71,0.0013295775203568808
Random,37,300036,-10.51,0,52,51,0,3,52,wall,wall,False,True,False,False,True,52,0.0010557690844647228
Random,38,300037,-10.73,0,74,73,0,3,74,wall,wall,False,True,False,False,True,74,0.0014837837748141406
Random,39,300038,-10.32,0,33,32,0,3,33,wall,wall,False,True,False,False,True,33,0.0029939392609803967
Random,40,300039,-10.61,0,62,61,0,3,62,wall,wall,False,True,False,False,True,62,0.001220967826685087
Random,41,300040,-10.24,0,25,24,0,3,25,wall,wall,False,True,False,False,True,25,0.0015759999223519117
Random,42,300041,-10.370000000000001,0,38,37,0,3,38,wall,wall,False,True,False,False,True,38,0.002197368446918278
Random,43,300042,-10.64,0,65,64,0,3,65,wall,wall,False,True,False,False,True,65,0.0017199998322981768
Random,44,300043,-10.34,0,35,34,0,3,35,wall,wall,False,True,False,False,True,35,0.002057142773992382
Random,45,300044,-10.74,0,75,74,0,3,75,wall,wall,False,True,False,False,True,75,0.002385333452063302
Random,46,300045,-10.84,0,85,84,0,3,85,wall,wall,False,True,False,False,True,85,0.001138823534026468
Random,47,300046,-11.89,0,190,189,0,3,190,wall,wall,False,True,False,False,True,190,0.001051578922335083
Random,48,300047,-10.46,0,47,46,0,3,47,wall,wall,False,True,False,False,True,47,0.0023553192806232007
Random,49,300048,-11.010000000000002,0,102,101,0,3,102,wall,wall,False,True,False,False,True,102,0.0011852942086133065
Random,50,300049,-10.47,0,48,47,0,3,48,wall,wall,False,True,False,False,True,48,0.0018645835098141106
Heuristic,1,300000,59.28,70,80,79,7,10,5,self,self,False,True,False,False,True,80,0.007420000019919826
Heuristic,2,300001,256.1900000000019,270,409,408,27,30,13,self,self,False,True,False,False,True,409,0.008326894828352638
Heuristic,3,300002,157.71999999999966,170,246,245,17,20,3,self,self,False,True,False,False,True,246,0.005495121920061566
Heuristic,4,300003,305.89000000000215,320,444,443,32,35,25,self,self,False,True,False,False,True,444,0.006693243219840722
Heuristic,5,300004,276.15000000000185,290,415,414,29,32,29,self,self,False,True,False,False,True,415,0.0069154216636165815
Heuristic,6,300005,325.02000000000277,340,533,532,34,37,7,self,self,False,True,False,False,True,533,0.005833583424422814
Heuristic,7,300006,266.1300000000017,280,416,415,28,31,19,self,self,False,True,False,False,True,416,0.0058276442193626
Heuristic,8,300007,295.4500000000024,310,487,486,31,34,13,self,self,False,True,False,False,True,487,0.006284188863809853
Heuristic,9,300008,325.3200000000022,340,503,502,34,37,4,self,self,False,True,False,False,True,503,0.005694632183974026
Heuristic,10,300009,236.81000000000117,250,345,344,25,28,17,self,self,False,True,False,False,True,345,0.005926376848103668
Heuristic,11,300010,157.85000000000008,170,233,232,17,20,3,self,self,False,True,False,False,True,233,0.005939055713907368
Heuristic,12,300011,285.36000000000223,300,495,494,30,33,25,self,self,False,True,False,False,True,495,0.005878585848176495
Heuristic,13,300012,167.71000000000032,180,248,247,18,21,17,self,self,False,True,False,False,True,248,0.004842338717759459
Heuristic,14,300013,256.3900000000012,270,389,388,27,30,25,self,self,False,True,False,False,True,389,0.004912082233325852
Heuristic,15,300014,167.47000000000054,180,272,271,18,21,9,self,self,False,True,False,False,True,272,0.004359558896366626
Heuristic,16,300015,147.94999999999993,160,222,221,16,19,10,self,self,False,True,False,False,True,222,0.004831531507145039
Heuristic,17,300016,344.85000000000304,360,552,551,36,39,25,self,self,False,True,False,False,True,552,0.005261775367467055
Heuristic,18,300017,49.45000000000004,60,62,61,6,9,5,self,self,False,True,False,False,True,62,0.004651612969962204
Heuristic,19,300018,364.5500000000036,380,584,583,38,41,17,self,self,False,True,False,False,True,584,0.0048537670390444015
Heuristic,20,300019,305.920000000002,320,441,440,32,35,19,self,self,False,True,False,False,True,441,0.004562358249657546
Heuristic,21,300020,177.57000000000036,190,263,262,19,22,3,self,self,False,True,False,False,True,263,0.005152471424795301
Heuristic,22,300021,196.58000000000038,210,364,363,21,24,15,self,self,False,True,False,False,True,364,0.004941483529274682
Heuristic,23,300022,197.64000000000084,210,258,257,21,24,16,self,self,False,True,False,False,True,258,0.004609689982711742
Heuristic,24,300023,394.4000000000033,410,602,601,41,44,7,self,self,False,True,False,False,True,602,0.004848006620852894
Heuristic,25,300024,128.35999999999967,140,179,178,14,17,3,self,self,False,True,False,False,True,179,0.004922904985272014
Heuristic,26,300025,197.31000000000097,210,291,290,21,24,5,self,self,False,True,False,False,True,291,0.005273883095416368
Heuristic,27,300026,276.13000000000153,290,417,416,29,32,5,self,self,False,True,False,False,True,417,0.005206714605991293
Heuristic,28,300027,237.09000000000123,250,317,316,25,28,17,self,self,False,True,False,False,True,317,0.0055820189120963344
Heuristic,29,300028,187.3700000000003,200,284,283,20,23,10,self,self,False,True,False,False,True,284,0.005129929601461184
Heuristic,30,300029,306.16000000000224,320,417,416,32,35,21,self,self,False,True,False,False,True,417,0.0045402877897007966
Heuristic,31,300030,305.66000000000224,320,467,466,32,35,28,self,self,False,True,False,False,True,467,0.005753319074353154
Heuristic,32,300031,364.55000000000297,380,584,583,38,41,20,self,self,False,True,False,False,True,584,0.004822945176210726
Heuristic,33,300032,158.0900000000002,170,209,208,17,20,11,self,self,False,True,False,False,True,209,0.004705741627152416
Heuristic,34,300033,316.0700000000021,330,427,426,33,36,13,self,self,False,True,False,False,True,427,0.0056742388270201
Heuristic,35,300034,276.56000000000154,290,374,373,29,32,25,self,self,False,True,False,False,True,374,0.005004278156220948
Heuristic,36,300035,365.1000000000027,380,529,528,38,41,15,self,self,False,True,False,False,True,529,0.0056952740536586315
Heuristic,37,300036,108.24999999999976,120,188,187,12,15,7,self,self,False,True,False,False,True,188,0.004824999973123418
Heuristic,38,300037,511.7100000000055,530,883,882,53,56,5,self,self,False,True,False,False,True,883,0.004954813130149546
Heuristic,39,300038,276.25000000000125,290,405,404,29,32,6,self,self,False,True,False,False,True,405,0.004637283977282084
Heuristic,40,300039,207.07000000000085,220,316,315,22,25,11,self,self,False,True,False,False,True,316,0.005323101256952306
Heuristic,41,300040,295.1800000000027,310,514,513,31,34,25,self,self,False,True,False,False,True,514,0.004308754821283723
Heuristic,42,300041,177.10000000000034,190,310,309,19,22,11,self,self,False,True,False,False,True,310,0.004377741935323067
Heuristic,43,300042,344.93000000000285,360,544,543,36,39,13,self,self,False,True,False,False,True,544,0.00424246329925261
Heuristic,44,300043,276.48000000000155,290,382,381,29,32,9,self,self,False,True,False,False,True,382,0.004277748707887602
Heuristic,45,300044,344.3700000000031,360,600,599,36,39,15,self,self,False,True,False,False,True,600,0.004237000042242774
Heuristic,46,300045,177.49000000000072,190,271,270,19,22,22,self,self,False,True,False,False,True,271,0.004296310002635477
Heuristic,47,300046,315.5000000000023,330,484,483,33,36,21,self,self,False,True,False,False,True,484,0.004261363617031237
Heuristic,48,300047,138.2100000000001,150,195,194,15,18,11,self,self,False,True,False,False,True,195,0.004447692360069293
Heuristic,49,300048,414.14000000000317,430,630,629,43,46,9,self,self,False,True,False,False,True,630,0.004105555516226949
Heuristic,50,300049,137.48999999999978,150,267,266,15,18,16,self,self,False,True,False,False,True,267,0.004101123546404077
DQN,1,300000,216.57000000000087,230,367,366,23,26,4,self,self,False,True,False,False,True,367,0.023778474124074578
DQN,2,300001,315.14000000000266,330,520,519,33,36,1,wall,wall,False,True,False,False,True,520,0.02372788464806665
DQN,3,300002,87.92999999999962,100,218,217,10,13,10,wall,wall,False,True,False,False,True,218,0.02291834855420406
DQN,4,300003,59.00000000000004,70,108,107,7,10,6,wall,wall,False,True,False,False,True,108,0.022321296270362195
DQN,5,300004,363.85000000000315,380,654,653,38,41,6,self,self,False,True,False,False,True,654,0.024471865468590866
DQN,6,300005,187.73000000000047,200,248,247,20,23,7,wall,wall,False,True,False,False,True,248,0.02449153228025675
DQN,7,300006,255.66000000000196,270,462,461,27,30,12,self,self,False,True,False,False,True,462,0.024911688295152952
DQN,8,300007,362.6300000000038,380,776,775,38,41,27,self,self,False,True,False,False,True,776,0.02416443296929221
DQN,9,300008,235.40000000000123,250,486,485,25,28,4,wall,wall,False,True,False,False,True,486,0.024737037019354986
DQN,10,300009,295.0800000000021,310,524,523,31,34,8,self,self,False,True,False,False,True,524,0.024719465713799606
DQN,11,300010,364.32000000000295,380,607,606,38,41,7,self,self,False,True,False,False,True,607,0.023146787495266025
DQN,12,300011,215.13000000000153,230,511,510,23,26,10,self,self,False,True,False,False,True,511,0.022942661404432664
DQN,13,300012,78.66999999999983,90,143,142,9,12,4,wall,wall,False,True,False,False,True,143,0.024672727278328723
DQN,14,300013,255.6700000000012,270,461,460,27,30,10,self,self,False,True,False,False,True,461,0.024453362279799877
DQN,15,300014,530.6400000000056,550,992,991,55,58,54,self,self,False,True,False,False,True,992,0.0229123992275779
DQN,16,300015,354.1200000000031,370,626,625,37,40,10,self,self,False,True,False,False,True,626,0.027280990374661362
DQN,17,300016,275.74000000000217,290,456,455,29,32,3,self,self,False,True,False,False,True,456,0.027635964913810186
DQN,18,300017,354.3500000000023,370,603,602,37,40,2,self,self,False,True,False,False,True,603,0.027143946903180307
DQN,19,300018,285.1000000000027,300,521,520,30,33,18,wall,wall,False,True,False,False,True,521,0.025305566185774307
DQN,20,300019,335.20000000000243,350,516,515,35,38,5,self,self,False,True,False,False,True,516,0.022104069719984704
DQN,21,300020,176.46999999999977,190,373,372,19,22,14,self,self,False,True,False,False,True,373,0.02307050942117005
DQN,22,300021,196.30999999999995,210,391,390,21,24,6,self,self,False,True,False,False,True,391,0.0226537084720238
DQN,23,300022,128.69999999999965,140,145,144,14,17,3,self,self,False,True,False,False,True,145,0.022675862017986846
DQN,24,300023,413.8000000000032,430,664,663,43,46,26,self,self,False,True,False,False,True,664,0.023960391568418497
DQN,25,300024,304.4400000000026,320,589,588,32,35,11,self,self,False,True,False,False,True,589,0.022762139190556814
DQN,26,300025,186.97000000000088,200,324,323,20,23,4,self,self,False,True,False,False,True,324,0.02377993821960164
DQN,27,300026,245.88000000000136,260,439,438,26,29,16,self,self,False,True,False,False,True,439,0.022708428222605173
DQN,28,300027,373.1000000000045,390,730,729,39,42,28,self,self,False,True,False,False,True,730,0.025352876729488195
DQN,29,300028,187.01000000000056,200,320,319,20,23,5,self,self,False,True,False,False,True,320,0.027144062528350332
DQN,30,300029,315.8500000000024,330,449,448,33,36,15,self,self,False,True,False,False,True,449,0.02732917594226629
DQN,31,300030,246.03000000000173,260,424,423,26,29,15,self,self,False,True,False,False,True,424,0.022820754733367962
DQN,32,300031,391.8400000000041,410,858,857,41,44,31,self,self,False,True,False,False,True,858,0.023958624687024376
DQN,33,300032,442.650000000005,460,782,781,46,49,19,self,self,False,True,False,False,True,782,0.02318951407531717
DQN,34,300033,167.9000000000002,180,229,228,18,21,7,self,self,False,True,False,False,True,229,0.025423144121686357
DQN,35,300034,147.33000000000044,160,284,283,16,19,33,self,self,False,True,False,False,True,284,0.0283929577088996
DQN,36,300035,69.28999999999995,80,80,79,8,11,1,wall,wall,False,True,False,False,True,80,0.03436124998188461
DQN,37,300036,107.96999999999973,120,216,215,12,15,6,self,self,False,True,False,False,True,216,0.025963426036536542
DQN,38,300037,431.3700000000051,450,909,908,45,48,7,self,self,False,True,False,False,True,909,0.023901100113788903
DQN,39,300038,540.9700000000048,560,960,959,56,59,6,self,self,False,True,False,False,True,960,0.022820312437943358
DQN,40,300039,275.4000000000021,290,490,489,29,32,9,self,self,False,True,False,False,True,490,0.023093061277830534
DQN,41,300040,510.34000000000617,530,1020,1019,53,56,14,self,self,False,True,False,False,True,1020,0.0226004901788638
DQN,42,300041,205.65000000000106,220,458,457,22,25,9,self,self,False,True,False,False,True,458,0.024987554617408373
DQN,43,300042,344.12000000000364,360,625,624,36,39,22,self,self,False,True,False,False,True,625,0.024647359974915163
DQN,44,300043,187.0300000000007,200,318,317,20,23,9,self,self,False,True,False,False,True,318,0.023555660376838868
DQN,45,300044,226.09000000000162,240,416,415,24,27,10,self,self,False,True,False,False,True,416,0.022398557689484733
DQN,46,300045,206.61000000000132,220,362,361,22,25,29,self,self,False,True,False,False,True,362,0.02408121548977665
DQN,47,300046,97.36999999999917,110,275,274,11,14,103,self,self,False,True,False,False,True,275,0.02332945450854657
DQN,48,300047,226.83000000000078,240,342,341,24,27,6,self,self,False,True,False,False,True,342,0.023204093546761822
DQN,49,300048,442.38000000000443,460,809,808,46,49,35,self,self,False,True,False,False,True,809,0.02256093942482909
DQN,50,300049,216.2400000000008,230,400,399,23,26,1,self,self,False,True,False,False,True,400,0.02311900000222522
